studyName,germplasmName,notes
YT_Neo_22,IL2021-8729,lodging
YT_Neo_22,IL2021-17813,"npt, early"
YT_Neo_22,IL2021-43327,lodging
YT_Neo_22,IL2021-42075,scab
YT_Neo_22,IL2021-41349,"septoria, ve"
YT_Neo_22,IL2021-43345,"scab, tall"
YT_Neo_22,IL2021-47141,heavy scab
YT_Neo_22,IL2021-21665,"npt, clean"
YT_Neo_22,IL2021-40762,"leaning, ve"
YT_Neo_22,IL2021-13764,ve
YT_Neo_22,IL2021-17972,npt
YT_Neo_22,IL2021-26754,"scab,npt"
YT_Neo_22,IL2021-27134,leaning
YT_Neo_22,IL2021-13844,"ve, leaning"
YT_Neo_22,IL2021-6868,"ve, leaning"
YT_Neo_22,IL2021-11821,leaning bit
YT_Neo_22,IL2021-42120,septoria
YT_Neo_22,IL2021-8812,"ve, septoria"
YT_Neo_22,IL2021-46033,scab
YT_Neo_22,IL2021-43960,"thin, clean, ve"
YT_Neo_22,IL2021-40751,leaning
YT_Neo_22,IL2021-46007,leaning
YT_Neo_22,IL2021-42108,ve
YT_Neo_22,IL2021-11830,tall
YT_Neo_22,IL2021-18320,"ve, tall"
YT_Neo_22,IL2021-5065,septoria
YT_Neo_22,IL2021-17845,sept
YT_Neo_22,IL2021-41430,sept
YT_Neo_22,IL2021-43253,sept
YT_Neo_22,IL2021-43370,"tall, late"
YT_Neo_22,IL2021-43862,scab
YT_Neo_22,IL2021-26266,sept
YT_Neo_22,IL2021-21630,clean
YT_Neo_22,IL2021-42132,disease
YT_Neo_22,IL2021-17919,"early, npt"
YT_Neo_22,IL2021-3978,sept
YT_Neo_22,IL2021-27113,late
YT_Neo_22,IL2021-41319,sept
YT_Neo_22,IL2021-41451,"sept, ve"
YT_Neo_22,IL2021-43938,"ve, clean"
YT_Neo_22,IL2021-42061,lodging
YT_Neo_22,IL2021-43920,septoria
YT_Neo_22,IL2021-8718,leaning
YT_Neo_22,IL2021-26255,leaning
YT_Neo_22,IL2021-43404,leaning
YT_Neo_22,IL2021-15207,ve
YT_Neo_22,IL2021-46013,"scab, thick"
YT_Neo_22,IL2021-6811,leaning
YT_Neo_22,IL2021-5009,sept
YT_Neo_22,IL2021-13851,leaning
YT_Neo_22,IL2021-15219,leaning
YT_Neo_22,IL2021-18306,"septoria, ve"
YT_Neo_22,IL2021-6853,"leaning, clean"
YT_Neo_22,IL2021-30265,lodging
YT_Neo_22,IL2021-4033,npt
YT_Neo_22,IL2021-8747,lodging
YT_Neo_22,IL2021-26260,"clean, looks good"
YT_Neo_22,IL2021-17961,"ve, npt"
YT_Neo_22,IL2021-30331,leaning
YT_Neo_22,IL2021-11939,lodging
YT_Neo_22,IL2021-21635,leaning
YT_Neo_22,IL2021-29030,disease
YT_Neo_22,IL2021-40847,leaning
YT_Neo_22,IL2021-47168,leaning
YT_Neo_22,IL2021-8749,septoria
YT_Neo_22,IL2021-44005,"clean, sea of heads "
YT_Neo_22,IL2021-43966,"ve, clean, npt, bright"
YT_Neo_22,IL2021-15967,septoria
YT_Neo_22,IL2021-6802,septoria
YT_Neo_22,IL2021-29002,clean
YT_Neo_22,IL2021-40873,leaning
YT_Neo_22,IL2021-43305,leaning
YT_Neo_22,IL2021-29011,clean
YT_Neo_22,IL2021-40865,"ve, septoria"
YT_Neo_22,IL2021-43341,"tall, late"
YT_Neo_22,IL2021-17866,ve npt
YT_Neo_22,IL2021-39950,leaning
YT_Neo_22,IL2021-16459,clean
YT_Neo_22,IL2021-27145,"bearded, tall, lodging"
YT_Neo_22,IL2021-15973,lodging
YT_Neo_22,IL2021-43974,"npt, pretty clean"
YT_Neo_22,IL2021-43972,"npt, thin, septoria"
YT_Neo_22,IL2021-47145,septoria
YT_Neo_22,IL2021-46024,late
YT_Neo_22,IL2021-15939,tall
YT_Neo_22,IL2021-43921,"late, npt"
YT_Neo_22,IL2021-44007,"septoria, leaf rust"
YT_Neo_22,IL2021-29008,scab
YT_Neo_22,IL2021-40765,"ve, leaning"
YT_Urb_22,IL2021-27463,Tall
YT_Urb_22,IL2021-34808,Ve
YT_Urb_22,IL2021-39307,Looks nice
YT_Urb_22,IL2021-14476,Tall 
YT_Urb_22,IL2021-5833,Leaning 
YT_Urb_22,IL2021-2835,"Tall, ve"
YT_Urb_22,IL2021-3521,Mix
YT_Urb_22,IL2021-41676,"Npt, ve"
YT_Urb_22,IL2021-15934,Leaning 
YT_Urb_22,IL2021-14673,Leaning 
YT_Urb_22,IL2021-25152,Leaning 
YT_Urb_22,IL2021-26829,"Sea of heads, npt"
YT_Urb_22,IL2021-44026,Tall 
YT_Urb_22,IL2021-39970,Leaning 
YT_Urb_22,IL2021-18165,Leaning 
YT_Urb_22,IL2021-16668,Lodg
YT_Urb_22,IL2021-32646,Leaning 
YT_Urb_22,IL2021-40877,Lodging 
YT_Urb_22,IL2021-43265,Tall 
YT_Urb_22,IL2021-4851,Tall 
YT_Urb_22,IL2021-25829,Npt
YT_Urb_22,IL2021-3829,See down row 
YT_Urb_22,IL2021-943,Septoria
YT_Urb_22,IL2021-115,"Late, bearded"
YT_Urb_22,IL2021-8468,Leaning 
YT_Urb_22,IL2021-38714,Leaning 
YT_Urb_22,IL2021-29441,"Npt, scab"
YT_Urb_22,IL2021-2953,Tall 
YT_Urb_22,IL2021-21479,Tall 
YT_Urb_22,IL2021-43633,Leaning 
YT_Urb_22,IL2021-24937,Tall 
YT_Urb_22,IL2021-15749,Scrappy 
YT_Urb_22,IL2021-25905,Mix
YT_Urb_22,IL2021-18661,Leaning 
YT_Urb_22,IL2021-9509,Leaning 
YT_Urb_22,IL2021-8714,Leaning 
YT_Urb_22,IL2021-28413,Leaning 
YT_Urb_22,IL2021-39368,Tall 
YT_Urb_22,IL2021-27863,Bearded
YT_Urb_22,IL2021-16814,"Mix, tall"
YT_Urb_22,IL2021-30406,"Bearded, tall, ve"
YT_Urb_22,IL2021-43334,"Ve, looks good"
YT_Urb_22,IL2021-21471,Tall 
YT_Urb_22,IL2021-23767,Tall 
YT_Urb_22,IL2021-43641,Tall 
YT_Urb_22,IL2021-18531,Mix
YT_Urb_22,IL2021-5120,Npt
YT_Urb_22,IL2021-46521,Small heads
YT_Urb_22,IL2021-36748,Npt
YT_Urb_22,IL2021-8739,Disease
YT_Urb_22,IL2021-21560,Leaning 
YT_Urb_22,IL2021-34207,Looks weak
YT_Urb_22,IL2021-18665,Tall
YT_Urb_22,IL2021-22478,Leaning
YT_Urb_22,IL2021-17428,Tall 
YT_Urb_22,IL2021-33673,"Ve, npt"
YT_Urb_22,IL2021-29337,Leaning 
YT_Urb_22,IL2021-18141,Leaning 
YT_Urb_22,IL2021-33408,"Ve, short"
YT_Urb_22,IL2021-14320,Leaning 
YT_Urb_22,IL2021-9334,"Npt, tip awned"
YT_Urb_22,IL2021-38603,Looks weak
YT_Urb_22,IL2021-29003,Tall
YT_Urb_22,IL2021-17213,Lodging 
YT_Urb_22,IL2021-28770,Npt
YT_Urb_22,IL2021-28714,Leaning 
YT_Urb_22,IL2021-1748,Tall 
YT_Urb_22,IL2021-27049,Lodging 
YT_Urb_22,IL2021-11534,Npt
YT_Urb_22,IL2021-15823,Leaning 
YT_Urb_22,IL2021-33141,Leaning 
YT_Urb_22,IL2021-23464,Leaning
YT_Urb_22,IL2021-27928,Looks weak
YT_Urb_22,IL2021-19778,Tall 
YT_Urb_22,IL2021-21655,Tall
YT_Urb_22,IL2021-27763,Mixed 
YT_Urb_22,IL2021-25879,Lodging 
YT_Urb_22,IL2021-47112,Looks strong
YT_Urb_22,IL2021-43669,Leaning 
YT_Urb_22,IL2021-1571,Tall 
YT_Urb_22,IL2021-4856,Leaning 
YT_Urb_22,IL2021-30449,Leaning 
YT_Urb_22,IL2021-21969,Leaning 
YT_Urb_22,IL2021-14741,Tall 
YT_Urb_22,IL2021-164,Very mixed
YT_Urb_22,IL2021-23826,Tall
YT_Urb_22,IL2021-1778,"Mix, tall"
YT_Urb_22,IL2021-4037,Mix
YT_Urb_22,IL2021-27713,Lodging 
YT_Urb_22,IL2021-2158,"Mixed, damaged plot"
YT_Urb_22,IL2021-377,Late
YT_Urb_22,IL2021-26620,Tall 
YT_Urb_22,IL2021-17848,Npt
YT_Urb_22,IL2021-41331,Leaning
YT_Urb_22,IL2021-18638,Leaning 
YT_Urb_22,IL2021-39945,Lodging 
YT_Urb_22,IL2021-27375,Lodging 
YT_Urb_22,IL2021-44537,Leaning 
YT_Urb_22,IL2021-26777,Leaning 
YT_Urb_22,IL2021-29351,Leaning
YT_Urb_22,IL2021-6771,Leaning 
YT_Urb_22,IL2021-39615,Leaning 
YT_Urb_22,IL2021-45957,Tall 
YT_Urb_22,IL2021-41350,Tall
YT_Urb_22,IL2021-45701,Lodging
YT_Urb_22,IL2021-39517,Tall 
YT_Urb_22,IL2021-45979,"Tall, leaning "
YT_Urb_22,IL2021-22564,Lodging
YT_Urb_22,IL2021-16334,Lodg
YT_Urb_22,IL2021-6429,Ve
YT_Urb_22,IL2021-22578,Lodging 
YT_Urb_22,IL2021-25931,Lodging
YT_Urb_22,IL2021-46009,Leaning 
YT_Urb_22,IL2021-17103,Tall 
YT_Urb_22,IL2021-16612,Lodging 
YT_Urb_22,IL2021-7959,Lodg
YT_Urb_22,IL2021-7473,Ve
YT_Urb_22,IL2021-24320,Leaning 
YT_Urb_22,IL2021-18468,Leaning 
YT_Urb_22,IL2021-36742,Lodg
YT_Urb_22,IL2021-19352,Tall
YT_Urb_22,IL2021-26952,"Looks good, early "
YT_Urb_22,IL2021-34101,Leaning 
YT_Urb_22,IL2021-7550,Leaning 
YT_Urb_22,IL2021-37737,Npt
YT_Urb_22,IL2021-21732,Leaning
YT_Urb_22,IL2021-18543,Tall
YT_Urb_22,IL2021-32845,Leaning 
YT_Urb_22,IL2021-22459,Tall 
YT_Urb_22,IL2021-8465,Leaning
YT_Urb_22,IL2021-23332,Leaning 
YT_Urb_22,IL2021-1444,Tall 
YT_Urb_22,IL2021-27466,Lodging 
YT_Urb_22,IL2021-21718,Tall 
YT_Urb_22,IL2021-44661,Npt
YT_Urb_22,IL2021-46526,Tall 
YT_Urb_22,IL2021-17968,Looks good
YT_Urb_22,IL2021-22262,Mix
YT_Urb_22,IL2021-43877,Lodg
YT_Urb_22,IL2021-19736,"Ve, npt"
YT_Urb_22,IL2021-2314,Lodging 
YT_Urb_22,IL2021-26262,Tall 
YT_Urb_22,IL2021-7009,Tall 
YT_Urb_22,IL2021-8733,Leaning 
YT_Urb_22,IL2021-42618,Leaning 
YT_Urb_22,IL2021-15778,Leaning
YT_Urb_22,IL2021-46842,Lodging 
YT_Urb_22,IL2021-25858,Looks weak
YT_Urb_22,IL2021-35723,Npt
YT_Urb_22,IL2021-45117,Mix
YT_Urb_22,IL2021-16772,Leaning 
YT_Urb_22,IL2021-26311,Leaning
YT_Urb_22,IL2021-11869,Tall 
YT_Urb_22,IL2021-40573,Leaning 
YT_Urb_22,IL2021-12314,Tall 
YT_Urb_22,IL2021-28068,Leaning
YT_Urb_22,IL2021-27328,Lodg
YT_Urb_22,IL2021-46635,Tall
YT_Urb_22,IL2021-8412,Leaning
YT_Urb_22,IL2021-18305,Tall 
YT_Urb_22,IL2021-40641,"Npt, late"
YT_Urb_22,IL2021-22621,Tall
YT_Urb_22,IL2021-33861,Plot damage 5%
YT_Urb_22,IL2021-46035,Lodging
YT_Urb_22,IL2021-29023,Leaning 
YT_Urb_22,IL2021-953,Septoria
YT_Urb_22,IL2021-33933,Npt
YT_Urb_22,IL2021-15104,Tall
YT_Urb_22,IL2021-16043,Leaning
YT_Urb_22,IL2021-6814,"Leaning, disease"
YT_Urb_22,IL2021-29116,Leaning 
YT_Urb_22,IL2021-34245,Leaning 
YT_Urb_22,IL2021-34709,Leaning 
YT_Urb_22,IL2021-27036,Lodg
YT_Urb_22,IL2021-29842,"Bearded, a bit tall"
YT_Urb_22,IL2021-5367,Leaning 
YT_Urb_22,IL2021-34163,Leaning
YT_Urb_22,IL2021-33852,"Bearded, tall"
YT_Urb_22,IL2021-31473,Leaning 
YT_Urb_22,IL2021-17863,Npt
YT_Urb_22,IL2021-11252,"Npt, ve"
YT_Urb_22,IL2021-41921,Tall
YT_Urb_22,IL2021-14513,Leaning 
YT_Urb_22,IL2021-6522,Lodging 
YT_Urb_22,IL2021-21674,Lodging 
YT_Urb_22,IL2021-39857,Leaning 
YT_Urb_22,IL2021-40648,Npt
YT_Urb_22,IL2021-45950,"Late, tall"
YT_Urb_22,IL2021-30274,Tall 
YT_Urb_22,IL2021-40626,Lodging 
YT_Urb_22,IL2021-46132,Lodging
YT_Urb_22,IL2021-14672,Tall 
YT_Urb_22,IL2021-28678,Tall 
YT_Urb_22,IL2021-25954,Tall 
YT_Urb_22,IL2021-19504,Leaning
YT_Urb_22,IL2021-3906,"Septoria, ugly"
YT_Urb_22,IL2021-39253,Sea of heads
YT_Urb_22,IL2021-17949,npt
YT_Urb_22,IL2021-1163,Mix
YT_Urb_22,IL2021-6854,Lodging
YT_Urb_22,IL2021-31541,Lodging
YT_Urb_22,IL2021-14278,Leaning
YT_Urb_22,IL2021-9478,Leaning
YT_Urb_22,IL2021-40807,"ve, looks weak"
YT_Urb_22,IL2021-47227,Lodg
YT_Urb_22,IL2021-11217,Leaning
YT_Urb_22,IL2021-5801,Lodging
YT_Urb_22,IL2021-38661,Leaning
YT_Urb_22,IL2021-29730,Lodging
YT_Urb_22,IL2021-6846,Lodging
YT_Urb_22,IL2021-22453,Lodging
YT_Urb_22,IL2021-33161,Npt
YT_Urb_22,IL2021-26834,Sea of heads
YT_Urb_22,IL2021-46237,Leaning
YT_Urb_22,IL2021-26235,Leaning
YT_Urb_22,IL2021-17835,Leaning
YT_Urb_22,IL2021-27067,"Bearded, ve"
YT_Urb_22,IL2021-35076,Leaning
YT_Urb_22,IL2021-36737,Leaning
YT_Urb_22,IL2021-3018,Tall
YT_Urb_22,IL2021-35732,"Short, Npt"
YT_Urb_22,IL2021-43750,Tall
YT_Urb_22,IL2021-41221,Tall
YT_Urb_22,IL2021-4765,Mix
YT_Urb_22,IL2021-8249,Lodging
YT_Urb_22,IL2021-4715,Tall
YT_Urb_22,IL2021-24578,Leaning
YT_Urb_22,IL2021-16676,Mix
YT_Urb_22,IL2021-22719,Tall
YT_Urb_22,IL2021-12341,ve
YT_Urb_22,IL2021-46659,Scab
YT_Urb_22,IL2021-35660,septoria
YT_Urb_22,IL2021-43647,Leaning
YT_Urb_22,IL2021-24802,Leaning
YT_Urb_22,IL2021-17475,ve
YT_Urb_22,IL2021-35649,"Npt, tip awned"
YT_Urb_22,IL2021-11020,Leaning
YT_Urb_22,IL2021-7015,"short, ve"
YT_Urb_22,IL2021-47129,Leaning
YT_Urb_22,IL2021-8217,Leaning
YT_Urb_22,IL2021-4012,Disease
YT_Urb_22,IL2021-36708,Lodging
YT_Urb_22,IL2021-26561,"Mix, Tall"
YT_Urb_22,IL2021-14773,Lodging
YT_Urb_22,IL2021-14267,Lodging
YT_Urb_22,IL2021-28973,Tall
YT_Urb_22,IL2021-15228,Lodging
YT_Urb_22,IL2021-16151,Leaning
YT_Urb_22,IL2021-39238,Tall
YT_Urb_22,IL2021-1274,Bearded
YT_Urb_22,IL2021-45928,"Late, scab"
YT_Urb_22,IL2021-25411,A bit tall
YT_Urb_22,IL2021-29465,"ve, short"
YT_Urb_22,IL2021-8368,Lodging
YT_Urb_22,IL2021-25334,Lodg
YT_Urb_22,IL2021-28578,Leaning
YT_Urb_22,IL2021-17838,"ve, npt"
YT_Urb_22,IL2021-37116,Tall
YT_Urb_22,IL2021-34722,Lodging
YT_Urb_22,IL2021-43437,Lodging
YT_Urb_22,IL2021-47156,Lodging
YT_Urb_22,IL2021-22818,Lodging
YT_Urb_22,IL2021-42360,Lodg
YT_Urb_22,IL2021-8247,Leaning
YT_Urb_22,IL2021-15177,Npt
YT_Urb_22,IL2021-43313,Leaning
YT_Urb_22,IL2021-26323,Mix
YT_Urb_22,IL2021-40608,Lodg
YT_Urb_22,IL2021-20960,Sea of heads
YT_Urb_22,IL2021-1805,"Erect, full grains"
YT_Urb_22,IL2021-17857,Npt
YT_Urb_22,IL2021-33856,"Bearded, npt"
YT_Urb_22,IL2021-36639,"Erect, npt"
YT_Urb_22,IL2021-15138,Lodg
YT_Urb_22,IL2021-46760,"Bydv, leaf rust"
YT_Urb_22,IL2021-20345,Mix
YT_Urb_22,IL2021-16443,Lodg
YT_Urb_22,IL2021-18220,Mix
YT_Urb_22,IL2021-6964,Npt
YT_Urb_22,IL2021-43732,Lodg
YT_Urb_22,IL2021-33847,"Bearded, Npt"
YT_Urb_22,IL2021-21218,"Scab, Leaf rust"
YT_Urb_22,IL2021-22113,Lodg
YT_Urb_22,IL2021-18153,Lodg
YT_Urb_22,IL2021-31572,Lodg
YT_Urb_22,IL2021-33427,Mix
YT_Urb_22,IL2021-36257,Npt
YT_Urb_22,IL2021-38976,"Ve, npt"
YT_Urb_22,IL2021-42343,"Ve, mix"
YT_Urb_22,IL2021-18374,Mix
YT_Urb_22,IL2021-46857,Lodg
YT_Urb_22,IL2021-43878,"Mix, Npt"
YT_Urb_22,IL2021-758,Leaf rust
YT_Urb_22,IL2021-24655,"Ve, Leaning "
YT_Urb_22,IL2021-18425,"Npt, Mix"
YT_Urb_22,IL2021-43231,Lodg
YT_Urb_22,IL2021-14779,Lodg
YT_Urb_22,IL2021-6804,Lodg
YT_Urb_22,IL2021-36450,Lodg
YT_Urb_22,IL2021-20673,"Bearded, Scab"
YT_Urb_22,IL2021-11915,Ve 
YT_Urb_22,IL2021-36445,Npt
YT_Urb_22,IL2021-25157,Leaning
YT_Urb_22,IL2021-39533,Lodg
YT_Urb_22,IL2021-41721,Npt
YT_Urb_22,IL2021-45901,Leaning 
YT_Urb_22,IL2021-3941,"Plot damage 10%, Mix"
YT_Urb_22,IL2021-43810,Npt
YT_Urb_22,IL2021-4265,Ve
YT_Urb_22,IL2021-2915,Npt
YT_Urb_22,IL2021-26173,Mix
YT_Urb_22,IL2021-27349,Mix
YT_Urb_22,IL2021-8173,"Npt, Tip awned"
YT_Urb_22,IL2021-5779,Lodg
YT_Urb_22,IL2021-5861,"Npt, some leaf rust"
YT_Urb_22,IL2021-1405,Mix
YT_Urb_22,IL2021-26002,Leaning
YT_Urb_22,IL2021-7948,Leaning
YT_Urb_22,IL2021-31619,Lodging
YT_Urb_22,IL2021-43913,Lodg
YT_Urb_22,IL2021-46428,Npt
YT_Urb_22,IL2021-9317,"Bearded, Mix"
YT_Urb_22,IL2021-24129,Mix
YT_Urb_22,IL2021-16272,Leaning 
YT_Urb_22,IL2021-43926,"Npt, erect, green leaves"
YT_Urb_22,IL2021-269,Leaning
YT_Urb_22,IL2021-26632,Leaning 
YT_Urb_22,IL2021-19718,Leaning
YT_Urb_22,IL2021-29238,Leaning
YT_Urb_22,IL2021-33860,Bearded
YT_Urb_22,IL2021-45914,"Erect, late"
YT_Urb_22,IL2021-43833,Late
YT_Urb_22,IL2021-30255,Sea of heads
YT_Urb_22,IL2021-7568,Ve
YT_Urb_22,IL2021-26813,"Sea of heads, late"
YT_Urb_22,IL2021-46909,Leaning
YT_Urb_22,IL2021-41207,Tall
YT_Urb_22,IL2021-19708,"Npt, late, green leaves"
YT_Urb_22,IL2021-6525,"Tall, lodging "
YT_Urb_22,IL2021-18738,Tall
YT_Urb_22,IL2021-36658,"Leaning, sea of heads"
YT_Urb_22,IL2021-43970,Lodging 
YT_Urb_22,IL2021-28377,Lodging 
YT_Urb_22,IL2021-44433,Scab
YT_Urb_22,IL2021-21606,Lodging 
YT_Urb_22,IL2021-37047,Short
YT_Urb_22,IL2021-43261,Tall
YT_Urb_22,IL2021-34018,Leaning 
YT_Urb_22,IL2021-16645,"Npt, mix"
YT_Urb_22,IL2021-138,Bearded 
YT_Urb_22,IL2021-34837,"Npt, sea of heads, early"
YT_Urb_22,IL2021-24839,Leaning 
YT_Urb_22,IL2021-35704,Lodg
YT_Urb_22,IL2021-11107,Npt
YT_Urb_22,IL2021-46737,"Erect, short, see down row, some disease"
YT_Urb_22,IL2021-31763,Short 
YT_Urb_22,IL2021-35645,Short 
YT_Urb_22,IL2021-44110,"Short, early, no disease"
YT_Urb_22,IL2021-45221,Short
YT_Urb_22,IL2021-40967,Short and early 
YT_Urb_22,IL2021-33409,Sea of heads 
YT_Urb_22,IL2021-28405,Leaning 
YT_Urb_22,IL2021-25121,Lodg
YT_Urb_22,IL2021-38662,Leaning 
YT_Urb_22,IL2021-15706,Npt
YT_Urb_22,IL2021-26357,Leaning
YT_Urb_22,IL2021-15029,Leaning 
YT_Urb_22,IL2021-27612,Lodging
YT_Urb_22,IL2021-43205,"Npt, clean, lot of heads"
YT_Urb_22,IL2021-40042,Leaning 
YT_Urb_22,IL2021-46002,Lodging 
YT_Urb_22,IL2021-28071,Tall 
YT_Urb_22,IL2021-16544,Leaning 
YT_Urb_22,IL2021-10969,"Npt, sea of heads "
YT_Urb_22,IL2021-46245,Short
YT_Urb_22,IL2021-29977,"Short, weak"
YT_Urb_22,IL2021-44031,Npt
YT_Urb_22,IL2021-42045,Lodging 
YT_Urb_22,IL2021-40662,Very early
YT_Urb_22,IL2021-6761,"Leaning, ve"
YT_Urb_22,IL2021-14567,Leaning 
YT_Urb_22,IL2021-47133,Late
YT_Urb_22,IL2021-39943,Leaning
YT_Urb_22,IL2021-13758,Tall
YT_Urb_22,IL2021-29638,Leaning
YT_Urb_22,IL2021-14511,Leaning 
YT_Urb_22,IL2021-8279,Lodging 
YT_Urb_22,IL2021-24847,Ve
YT_Urb_22,IL2021-34823,Leaning 
YT_Urb_22,IL2021-5047,Tall
YT_Urb_22,IL2021-32969,Leaning 
YT_Urb_22,IL2021-25834,Leaning 
YT_Urb_22,IL2021-28549,Short 
YT_Urb_22,IL2021-39379,Too tall
YT_Urb_22,IL2021-15809,Mix
YT_Urb_22,IL2021-12636,Tall
YT_Urb_22,IL2021-26129,Thin
YT_Urb_22,IL2021-27659,Short
YT_Urb_22,IL2021-15432,Disease
YT_Urb_22,IL2021-1141,Thin
YT_Urb_22,IL2021-17773,"Looks good, a bit tall"
YT_Urb_22,IL2021-25823,Lodg
YT_Urb_22,IL2021-28208,Disease
YT_Urb_22,IL2021-14041,Tall
YT_Urb_22,IL2021-17621,Leaning
YT_Urb_22,IL2021-7259,"Looks nice, leans a little "
YT_Urb_22,IL2021-16572,"Mixed, leaning "
YT_Urb_22,IL2021-45202,Looks weak
YT_Urb_22,IL2021-27813,Late
YT_Urb_22,IL2021-33722,Looks weak
YT_Urb_22,IL2021-8258,Leaning 
YT_Urb_22,IL2021-6925,Leaning 
YT_Urb_22,IL2021-28708,Npt
YT_Urb_22,IL2021-34132,Ve
YT_Urb_22,IL2021-28411,Leaning
YT_Urb_22,IL2021-25511,Tall
YT_Urb_22,IL2021-22474,Leaning 
YT_Urb_22,IL2021-22708,Tall 
YT_Urb_22,IL2021-22152,Tall
YT_Urb_22,IL2021-14749,Short and early 
YT_Urb_22,IL2021-32965,Looks weak
YT_Urb_22,IL2021-47165,Lodg
YT_Urb_22,IL2021-36418,Disease
YT_Urb_22,IL2021-19766,Tall 
YT_Urb_22,IL2021-10963,Lodging 
YT_Urb_22,IL2021-31613,Tall 
YT_Urb_22,IL2021-16457,"Tall, late"
YT_Urb_22,IL2021-2869,Lodging 
YT_Urb_22,IL2021-18365,Npt
YT_Urb_22,IL2021-15710,Leaning 
YT_Urb_22,IL2021-13734,"Ve, npt"
YT_Urb_22,IL2021-25757,Tall 
YT_Urb_22,IL2021-33446,"Sea of heads, a bit tall"
YT_Urb_22,IL2021-26068,Npt
YT_Urb_22,IL2021-35763,Tall 
YT_Urb_22,IL2021-43973,Leaning
YT_Urb_22,IL2021-36549,Tall 
YT_Urb_22,IL2021-26865,Npt
YT_Urb_22,IL2021-21815,Disease
YT_Urb_22,IL2021-11374,Tall 
YT_Urb_22,IL2021-11573,Leaning 
YT_Urb_22,IL2021-25629,Tall 
YT_Urb_22,IL2021-18716,Leaning 
YT_Urb_22,IL2021-31405,Leaning 
YT_Urb_22,IL2021-6841,Tall 
YT_Urb_22,IL2021-25621,Tall 
YT_Urb_22,IL2021-8804,Looks weak 
YT_Urb_22,IL2021-26330,Leaning 
YT_Urb_22,IL2021-28712,Npt
YT_Urb_22,IL2021-27746,"Ve, looks a bit weak "
YT_Urb_22,IL2021-19166,Tall 
YT_Urb_22,IL2021-25644,Tall 
YT_Urb_22,IL2021-28402,Looks a bit weak
YT_Urb_22,IL2021-44721,Thin
YT_Urb_22,IL2021-27461,Leaning
YT_Urb_22,IL2021-1937,Tall 
YT_Urb_22,IL2021-29623,Leaning
YT_Urb_22,IL2021-15047,Leaning 
YT_Urb_22,IL2021-28074,"Npt, late "
YT_Urb_22,IL2021-26271,Tall 
YT_Urb_22,IL2021-21737,Leaning
YT_Urb_22,IL2021-1749,Tall
YT_Urb_22,IL2021-5021,Leaning 
YT_Urb_22,IL2021-40910,Leaning 
YT_Urb_22,IL2021-8367,Tall 
YT_Urb_22,IL2021-28249,Tall 
YT_Urb_22,IL2021-15254,Leaning 
YT_Urb_22,IL2021-15949,Tall 
YT_Urb_22,IL2021-46907,Tall 
YT_Urb_22,IL2021-40930,Tall 
YT_Urb_22,IL2021-41716,Looks a bit weak 
YT_Urb_22,IL2021-33277,Leaning 
YT_Urb_22,IL2021-28923,"Npt, scab"
YT_Urb_22,IL2021-9275,"Short, too late"
YT_Urb_22,IL2021-25607,Lodging 
YT_Urb_22,IL2021-11820,Lodging 
YT_Urb_22,IL2021-27574,Leaning 
YT_Urb_22,IL2021-25979,Leaning 
YT_Urb_22,IL2021-42041,Tall 
YT_Urb_22,IL2021-42064,Tall 
YT_Urb_22,IL2021-18225,Leaning 
YT_Urb_22,IL2021-19868,Tall 
YT_Urb_22,IL2021-31536,Leaning 
YT_Urb_22,IL2021-19949,Tall 
YT_Urb_22,IL2021-7037,Tall 
YT_Urb_22,IL2021-25425,Leaning 
YT_Urb_22,IL2021-27918,Tall
YT_Urb_22,IL2021-19661,"Plot damage, discard"
YT_Urb_22,IL2021-18265,Tall 
YT_Urb_22,IL2021-42056,Tall
YT_Urb_22,IL2021-28373,Lodging 
YT_Urb_22,IL2021-40427,Leaning 
YT_Urb_22,IL2021-42001,Leaning 
YT_Urb_22,IL2021-29318,"Short and early, looks weak"
YT_Urb_22,IL2021-34203,Looks weak
YT_Urb_22,IL2021-24241,A bit tall
YT_Urb_22,IL2021-37545,Looks weak
YT_Urb_22,IL2021-41976,Tall 
YT_Urb_22,IL2021-26214,Leaning 
YT_Urb_22,IL2021-39466,Leaning 
YT_Urb_22,IL2021-21356,Npt
YT_Urb_22,IL2021-15070,Leaning
YT_Urb_22,IL2021-17749,Leaning 
YT_Urb_22,IL2021-41738,Npt
YT_Urb_22,IL2021-35449,Leaning
YT_Urb_22,IL2021-7549,Npt
YT_Urb_22,IL2021-1824,Tall
YT_Urb_22,IL2021-36725,Leaning 
YT_Urb_22,IL2021-40733,Leaning 
YT_Urb_22,IL2021-28374,Leaning 
YT_Urb_22,IL2021-44011,Disease
YT_Urb_22,IL2021-6212,Mix
YT_Urb_22,IL2021-1956,Disease
YT_Urb_22,IL2021-31744,"Ve, leaning"
YT_Urb_22,IL2021-13768,Lodging 
YT_Urb_22,IL2021-34213,Leaning 
YT_Urb_22,IL2021-15734,Tall 
YT_Urb_22,IL2021-1768,Mix
YT_Urb_22,IL2021-10820,Tall
YT_Urb_22,IL2021-38609,Leaning 
YT_Urb_22,IL2021-29115,Early and short
YT_Urb_22,IL2021-7231,Leaning 
YT_Urb_22,IL2021-41718,A bit tall
YT_Urb_22,IL2021-19545,Tall 
YT_Urb_22,IL2021-21416,Tall 
YT_Urb_22,IL2021-43401,Leaning 
YT_Urb_22,IL2021-26163,Leaning 
YT_Urb_22,IL2021-8251,Leaning 
YT_Urb_22,IL2021-22646,Npt
YT_Urb_22,IL2021-47149,Npt
YT_Urb_22,IL2021-34113,Leaning
YT_Urb_22,IL2021-7615,Bearded
YT_Urb_22,IL2021-47131,Npt
YT_Urb_22,IL2021-22019,Leaning 
YT_Urb_22,IL2021-41011,Npt*
YT_Urb_22,IL2021-45214,"Ve, sea of heads"
YT_Urb_22,IL2021-20030,Mix
YT_Urb_22,IL2021-44653,Leaning 
YT_Urb_22,IL2021-15745,Npt